{
  "model_type": "xgboost",
  "fscores": {
    "50-50": {
      "indices": [
        5,
        2,
        1,
        6,
        0,
        7,
        3,
        4,
        8
      ],
      "scores": [
        1.9397488798717655,
        1.7550828822078728,
        1.5735040640629263,
        1.1635852038106638,
        1.1491775174524337,
        0.9348690878903587,
        0.6744745086828581,
        0.6501040810604662,
        0.17499394685449032
      ]
    },
    "70-30": {
      "indices": [
        5,
        2,
        1,
        6,
        0,
        7,
        3,
        4,
        8
      ],
      "scores": [
        1.929214651888298,
        1.8395119270656293,
        1.7166870508780327,
        1.1449562451950106,
        1.0402505590038327,
        0.8420095962587015,
        0.7745229829410235,
        0.7655415078440289,
        0.16902773061595486
      ]
    },
    "80-20": {
      "indices": [
        5,
        2,
        1,
        6,
        0,
        7,
        3,
        4,
        8
      ],
      "scores": [
        1.9214511504945677,
        1.8967535709774137,
        1.7790021413621653,
        1.2160281355102687,
        1.0729521957688821,
        0.9070462839337651,
        0.7949124793376501,
        0.7861136330965391,
        0.1753748643364704
      ]
    }
  },
  "accuracies": {
    "50-50": {
      "1": 92.39766081871345,
      "2": 96.78362573099415,
      "3": 96.19883040935673,
      "4": 96.78362573099415,
      "5": 97.07602339181285,
      "6": 96.78362573099415,
      "7": 97.36842105263158,
      "8": 96.49122807017544,
      "9": 96.78362573099415
    },
    "70-30": {
      "1": 92.19512195121952,
      "2": 97.07317073170731,
      "3": 98.04878048780488,
      "4": 98.53658536585365,
      "5": 98.53658536585365,
      "6": 98.04878048780488,
      "7": 98.53658536585365,
      "8": 98.53658536585365,
      "9": 99.02439024390245
    },
    "80-20": {
      "1": 93.43065693430657,
      "2": 96.35036496350365,
      "3": 97.8102189781022,
      "4": 97.8102189781022,
      "5": 98.54014598540147,
      "6": 97.8102189781022,
      "7": 98.54014598540147,
      "8": 97.8102189781022,
      "9": 98.54014598540147
    }
  },
  "model5_metrics": {
    "50-50": {
      "accuracy": 97.07602339181285,
      "sensitivity": 95.83333333333334,
      "specificity": 97.74774774774775,
      "ppv": 95.83333333333334,
      "npv": 97.74774774774775,
      "f1": 0.9583333333333334,
      "tp": 115,
      "tn": 217,
      "fp": 5,
      "fn": 5
    },
    "70-30": {
      "accuracy": 98.53658536585365,
      "sensitivity": 98.61111111111111,
      "specificity": 98.49624060150376,
      "ppv": 97.26027397260275,
      "npv": 99.24242424242425,
      "f1": 0.9793103448275862,
      "tp": 71,
      "tn": 131,
      "fp": 2,
      "fn": 1
    },
    "80-20": {
      "accuracy": 98.54014598540147,
      "sensitivity": 97.91666666666666,
      "specificity": 98.87640449438202,
      "ppv": 97.91666666666666,
      "npv": 98.87640449438202,
      "f1": 0.9791666666666666,
      "tp": 47,
      "tn": 88,
      "fp": 1,
      "fn": 1
    }
  },
  "best_params": {
    "50-50_model1": {
      "n_estimators": 100,
      "learning_rate": 0.1,
      "max_depth": 3
    },
    "50-50_model2": {
      "n_estimators": 100,
      "learning_rate": 0.1,
      "max_depth": 3
    },
    "50-50_model3": {
      "n_estimators": 100,
      "learning_rate": 0.1,
      "max_depth": 3
    },
    "50-50_model4": {
      "n_estimators": 100,
      "learning_rate": 0.1,
      "max_depth": 3
    },
    "50-50_model5": {
      "n_estimators": 100,
      "learning_rate": 0.1,
      "max_depth": 3
    },
    "50-50_model6": {
      "n_estimators": 100,
      "learning_rate": 0.1,
      "max_depth": 3
    },
    "50-50_model7": {
      "n_estimators": 100,
      "learning_rate": 0.1,
      "max_depth": 3
    },
    "50-50_model8": {
      "n_estimators": 100,
      "learning_rate": 0.1,
      "max_depth": 3
    },
    "50-50_model9": {
      "n_estimators": 100,
      "learning_rate": 0.1,
      "max_depth": 3
    },
    "70-30_model1": {
      "n_estimators": 100,
      "learning_rate": 0.1,
      "max_depth": 3
    },
    "70-30_model2": {
      "n_estimators": 100,
      "learning_rate": 0.1,
      "max_depth": 3
    },
    "70-30_model3": {
      "n_estimators": 100,
      "learning_rate": 0.1,
      "max_depth": 3
    },
    "70-30_model4": {
      "n_estimators": 100,
      "learning_rate": 0.1,
      "max_depth": 3
    },
    "70-30_model5": {
      "n_estimators": 100,
      "learning_rate": 0.1,
      "max_depth": 3
    },
    "70-30_model6": {
      "n_estimators": 100,
      "learning_rate": 0.1,
      "max_depth": 3
    },
    "70-30_model7": {
      "n_estimators": 100,
      "learning_rate": 0.1,
      "max_depth": 3
    },
    "70-30_model8": {
      "n_estimators": 100,
      "learning_rate": 0.1,
      "max_depth": 3
    },
    "70-30_model9": {
      "n_estimators": 100,
      "learning_rate": 0.1,
      "max_depth": 3
    },
    "80-20_model1": {
      "n_estimators": 100,
      "learning_rate": 0.1,
      "max_depth": 3
    },
    "80-20_model2": {
      "n_estimators": 100,
      "learning_rate": 0.1,
      "max_depth": 3
    },
    "80-20_model3": {
      "n_estimators": 100,
      "learning_rate": 0.1,
      "max_depth": 3
    },
    "80-20_model4": {
      "n_estimators": 100,
      "learning_rate": 0.1,
      "max_depth": 3
    },
    "80-20_model5": {
      "n_estimators": 100,
      "learning_rate": 0.1,
      "max_depth": 3
    },
    "80-20_model6": {
      "n_estimators": 100,
      "learning_rate": 0.1,
      "max_depth": 3
    },
    "80-20_model7": {
      "n_estimators": 100,
      "learning_rate": 0.1,
      "max_depth": 3
    },
    "80-20_model8": {
      "n_estimators": 100,
      "learning_rate": 0.1,
      "max_depth": 3
    },
    "80-20_model9": {
      "n_estimators": 100,
      "learning_rate": 0.1,
      "max_depth": 3
    }
  }
}