{
  "model_type": "svm",
  "fscores": {
    "50-50": {
      "indices": [
        5,
        2,
        1,
        6,
        0,
        7,
        3,
        4,
        8
      ],
      "scores": [
        1.9397488798717655,
        1.7550828822078728,
        1.5735040640629263,
        1.1635852038106638,
        1.1491775174524337,
        0.9348690878903587,
        0.6744745086828581,
        0.6501040810604662,
        0.17499394685449032
      ]
    },
    "70-30": {
      "indices": [
        5,
        2,
        1,
        6,
        0,
        7,
        3,
        4,
        8
      ],
      "scores": [
        1.929214651888298,
        1.8395119270656293,
        1.7166870508780327,
        1.1449562451950106,
        1.0402505590038327,
        0.8420095962587015,
        0.7745229829410235,
        0.7655415078440289,
        0.16902773061595486
      ]
    },
    "80-20": {
      "indices": [
        5,
        2,
        1,
        6,
        0,
        7,
        3,
        4,
        8
      ],
      "scores": [
        1.9214511504945677,
        1.8967535709774137,
        1.7790021413621653,
        1.2160281355102687,
        1.0729521957688821,
        0.9070462839337651,
        0.7949124793376501,
        0.7861136330965391,
        0.1753748643364704
      ]
    }
  },
  "accuracies": {
    "50-50": {
      "1": 92.39766081871345,
      "2": 96.78362573099415,
      "3": 98.24561403508771,
      "4": 96.49122807017544,
      "5": 97.07602339181285,
      "6": 97.07602339181285,
      "7": 97.6608187134503,
      "8": 97.07602339181285,
      "9": 96.78362573099415
    },
    "70-30": {
      "1": 92.19512195121952,
      "2": 97.07317073170731,
      "3": 98.04878048780488,
      "4": 96.58536585365853,
      "5": 98.53658536585365,
      "6": 98.53658536585365,
      "7": 98.53658536585365,
      "8": 98.53658536585365,
      "9": 99.02439024390245
    },
    "80-20": {
      "1": 94.16058394160584,
      "2": 97.08029197080292,
      "3": 97.8102189781022,
      "4": 98.54014598540147,
      "5": 99.27007299270073,
      "6": 97.8102189781022,
      "7": 97.8102189781022,
      "8": 97.8102189781022,
      "9": 98.54014598540147
    }
  },
  "model5_metrics": {
    "50-50": {
      "accuracy": 97.07602339181285,
      "sensitivity": 95.83333333333334,
      "specificity": 97.74774774774775,
      "ppv": 95.83333333333334,
      "npv": 97.74774774774775,
      "f1": 0.9583333333333334,
      "tp": 115,
      "tn": 217,
      "fp": 5,
      "fn": 5
    },
    "70-30": {
      "accuracy": 98.53658536585365,
      "sensitivity": 100.0,
      "specificity": 97.74436090225564,
      "ppv": 96.0,
      "npv": 100.0,
      "f1": 0.9795918367346939,
      "tp": 72,
      "tn": 130,
      "fp": 3,
      "fn": 0
    },
    "80-20": {
      "accuracy": 99.27007299270073,
      "sensitivity": 100.0,
      "specificity": 98.87640449438202,
      "ppv": 97.95918367346938,
      "npv": 100.0,
      "f1": 0.9896907216494846,
      "tp": 48,
      "tn": 88,
      "fp": 1,
      "fn": 0
    }
  },
  "best_params": {
    "50-50_model1": {
      "C": 0.0625,
      "gamma": 0.125
    },
    "50-50_model2": {
      "C": 8192,
      "gamma": 3.0517578125e-05
    },
    "50-50_model3": {
      "C": 0.25,
      "gamma": 0.125
    },
    "50-50_model4": {
      "C": 16384,
      "gamma": 0.00048828125
    },
    "50-50_model5": {
      "C": 32,
      "gamma": 0.00048828125
    },
    "50-50_model6": {
      "C": 512,
      "gamma": 0.00048828125
    },
    "50-50_model7": {
      "C": 8,
      "gamma": 0.00048828125
    },
    "50-50_model8": {
      "C": 2048,
      "gamma": 3.0517578125e-05
    },
    "50-50_model9": {
      "C": 128,
      "gamma": 0.00048828125
    },
    "70-30_model1": {
      "C": 0.0625,
      "gamma": 0.125
    },
    "70-30_model2": {
      "C": 0.5,
      "gamma": 0.125
    },
    "70-30_model3": {
      "C": 8,
      "gamma": 0.0078125
    },
    "70-30_model4": {
      "C": 16,
      "gamma": 0.0078125
    },
    "70-30_model5": {
      "C": 2048,
      "gamma": 0.00048828125
    },
    "70-30_model6": {
      "C": 1,
      "gamma": 0.0078125
    },
    "70-30_model7": {
      "C": 0.25,
      "gamma": 0.0078125
    },
    "70-30_model8": {
      "C": 0.25,
      "gamma": 0.0078125
    },
    "70-30_model9": {
      "C": 4,
      "gamma": 0.00048828125
    },
    "80-20_model1": {
      "C": 8,
      "gamma": 0.00048828125
    },
    "80-20_model2": {
      "C": 1,
      "gamma": 0.125
    },
    "80-20_model3": {
      "C": 128,
      "gamma": 0.0078125
    },
    "80-20_model4": {
      "C": 4,
      "gamma": 0.0078125
    },
    "80-20_model5": {
      "C": 1024,
      "gamma": 3.0517578125e-05
    },
    "80-20_model6": {
      "C": 256,
      "gamma": 0.00048828125
    },
    "80-20_model7": {
      "C": 4,
      "gamma": 0.00048828125
    },
    "80-20_model8": {
      "C": 0.25,
      "gamma": 0.0078125
    },
    "80-20_model9": {
      "C": 2,
      "gamma": 0.00048828125
    }
  }
}